User_ID,Calories
12549363,172.71740953786198
13995058,189.44981713048915
17223277,53.61831516426973
18175714,161.19057826467773
17841615,225.75004296258672
16418277,179.06705686484867
19165109,98.48679866657616
18199020,43.879173750839364
13570908,79.22384038290738
18084777,58.8537199736876
11341405,123.08527372643688
13203902,54.41473010486049
11756678,14.160775845795206
18234025,176.54823715046484
18654886,229.6085448355611
17188091,13.389661373749199
12083988,97.8163040805969
19771974,130.124497307962
10315802,157.81450366865243
13191795,6.680808740253545
14661843,50.20682988168338
13228675,89.77854051886823
18442309,24.80506898718025
12356103,86.32763631297257
17118372,20.096693683720737
18809970,128.2555350939752
16192447,105.05851494410169
15397806,188.8703358334933
18868750,121.25405985547746
15385584,99.82324244530524
18723537,24.951613842810065
16898284,243.89990845537494
13061946,54.71780828550208
17143494,46.70110669736916
17017700,133.25837314580798
16687495,112.47392206904799
19674610,37.81037830755964
12804422,129.5932995004379
13338635,11.20367171944213
15797904,129.49972221380645
14854195,201.41106704168556
19057159,167.64299663849616
10803548,145.4554703643125
14173949,59.81957218686171
13282604,68.16171241501767
11907551,52.55540805378502
18997284,77.685890702439
18423089,197.9612902737274
11860761,138.94221715938374
14889237,125.65299724319989
15094064,11.188491018455528
12259016,112.0265396527108
16417729,157.96571653408375
11160389,92.41001402256114
11583193,68.48433599442588
12302799,86.15940240759662
16611029,160.29340428588975
19292845,18.22624770305854
10812157,30.13148531558429
13057536,96.01687972208036
13900047,38.968972773604804
11693744,109.46694991198913
19579367,90.29946029077811
14316629,50.97116056559201
11998292,34.41829955318994
12924695,135.85791572087274
12636484,230.778791039712
16713463,126.10818150260985
13164897,101.89563561729744
13782587,44.916746505491275
13798638,125.06113848348966
11737355,25.981802191642476
10780511,9.310609748700216
11524122,151.5464305877643
10999617,32.11402923889026
19786486,90.78333062767497
16473518,63.802546666857246
14003775,65.5618409343565
18398697,44.29260716861761
12982082,187.56942692947467
16423930,173.54958545802984
16325118,136.99565668430154
13857166,90.71325316055
15960426,101.68156882098562
13034064,56.24261480187524
19584126,178.66928082560636
18067287,125.05647268578595
12005737,17.41890768484287
18426166,144.77453338159827
13379618,42.38178128140272
16042664,40.977965432310164
16446052,36.29500144952241
17095611,24.119151851824636
15589598,195.62487401432793
11464905,4.656776458453711
13185217,10.228336130403182
17823052,238.27348863966873
15118439,139.21345066177201
12164109,186.1287567850958
16647083,173.5223014789464
19676431,13.743898448799271
11158313,99.2585596380587
13197304,187.8990446344668
15580707,165.56451199627196
10811492,64.43896395725803
14495392,166.83969641113265
13690107,36.54258756116268
10451413,20.49645298166944
13918604,189.12471322202504
16082376,29.851263762669806
10712052,111.26302149696829
19715842,185.82467188962406
17657345,47.34332960136999
19136513,146.58008794573848
12736185,55.574987766416875
19573367,80.83704273567149
15717463,78.96351151471971
16563524,63.76461801546326
15381703,14.305324351704671
15157311,6.683198373611534
14430730,186.80380235977447
17861443,47.7225055538747
14222192,42.6862477348628
12222855,19.811969275645048
18863986,32.47631366691353
13212378,100.39349288486343
14554560,47.199389734094424
13798941,54.81448676252206
18082650,103.27501786082422
14108894,78.01359494402698
11956200,60.04242003183255
10420638,194.2344738727814
16090965,69.33371477739564
19841917,134.86499837538452
16612767,104.19071694114146
10299836,71.88763381716186
13558123,72.16148200505828
15813794,65.10752002477068
13220892,175.74104139237124
16445155,22.343608074068555
15675242,122.98581593971215
12055629,16.75693220696072
14708063,111.4824306634508
19225724,41.97435252576543
14700408,11.688996516985792
11713594,32.7491028041449
14489692,165.31187097054288
13788834,82.86040917159283
19135581,119.86288479752578
16682378,86.20537574640937
16480275,42.1379764230097
16161839,81.37734475239587
15878611,69.84468851010598
14477337,19.34868192878308
10804602,93.24650123670496
11109935,55.43704883075668
14852672,128.89991576047456
15537129,39.13137253837826
10487596,199.0342108853283
19902934,39.72881997092604
10255842,129.07819287094676
15450960,101.08583671200502
16819144,115.01280026247514
17301298,139.1029538870818
13439969,56.51029048585782
18451511,32.15914459963392
10104386,41.81624280317139
18273470,132.7797988569897
19486170,202.22555498983198
16913565,112.10409715326992
16881110,74.6179713083959
12922230,76.54113343062573
17708474,5.371664387289029
18551947,84.73900445793237
11709610,15.449407683732357
13052161,48.00378060810945
18345317,5.359933988810469
13002310,60.91981547987262
11028954,176.07022476166966
19720092,180.61818424689466
18636358,45.36189838049544
19916602,83.14268298744446
15899221,67.84680756183832
19890878,116.49152384171919
15148015,127.35847959990556
10876168,83.41846108791621
18300732,12.044990256658128
15438462,46.6622115008091
15607088,157.06598837341423
14847598,5.888225280743893
18826115,41.04636959361957
10994334,6.949492384399856
11541155,158.22688689841772
19467322,41.91129591081034
14226375,175.17241178716398
11411183,103.79047786425242
19275069,6.051162708066636
11395289,212.24830387698856
19753808,4.136159517445956
14510801,8.848215076506571
19488650,8.935950490082584
18193091,130.90265332072127
13310205,22.12283086279576
10311591,40.6346895256475
15117490,98.82611543837827
19084039,90.76315869477381
18922964,149.49177273286577
12030953,83.2812944458719
14861471,14.901876947571521
19271328,65.9850467039805
11651821,61.598155432521175
15638062,194.76743268113893
13910402,163.94875488937893
19737155,16.486858275599065
15455162,50.76392150451354
11045810,61.41948178340691
11921243,86.89645535951247
19988317,140.182173072548
11283803,40.199101757449505
13245068,97.60859536902777
13919809,173.97784464983386
19726861,66.4584811183712
14353475,137.3005422849292
10048196,190.12015288720207
13063778,79.69667276806507
18581701,30.829355407612642
12893407,65.61528118963571
14534663,134.2698926300722
14402513,58.517621588350245
11991458,6.576204419018737
14467814,57.285957857442774
11053374,49.669539678393875
13421333,63.85855036892874
15603206,78.85799077555085
11933230,13.072503057759336
18907327,50.00048184730955
18314939,129.19313214885256
10459338,18.686797878591566
15393805,148.83000395407294
19896062,19.711950328163862
18544417,17.183735074928396
10928279,192.46470765363972
19715870,89.42925481032977
19227952,11.21483459550892
11680981,42.04253134665142
18565764,70.434908740499
17401435,44.76006883770791
16557786,117.12920769585207
15364988,43.692960929253914
14168440,18.234651544786992
15090204,52.590167998862384
16295152,91.58048867572131
14330210,35.3643988750625
12593779,107.89257769086896
13967757,112.5524915741671
11616478,31.406157445788956
16048075,8.431620744689633
15053436,101.93383546211143
13226083,136.37570375771688
14851002,19.225126138424134
15312578,20.975907152806116
13367877,70.98857411043915
16165299,51.932286822181986
11942073,18.016787508076636
14499450,25.76167814852143
14947633,2.4526487001464745
18096377,57.03637842723515
19742571,20.262825505220647
13981062,64.31988683100992
12597863,186.75840552990078
10077557,99.6665613902183
18567343,134.16824977220674
16858173,17.868724796432307
19284046,146.07168801511182
18305966,21.89589808052284
17919013,56.92682758603648
13705532,82.52619503215121
11839827,150.31993153018252
10293839,7.197888728030467
14625393,62.22032674047429
11756583,180.39379136088232
11794204,104.74565768714271
16485564,33.69694751946764
17890190,15.774356088537026
10248976,181.0253612769977
16973642,45.3078796323614
17549375,39.70912647280768
16390887,52.64304013938706
19318419,104.80393992425186
10157295,51.92756020710615
11765471,176.96907741116425
18332679,38.64265988426793
16430252,73.32562214345195
19431944,44.34210661050968
17636210,137.69667268417882
17419235,35.99404791167206
10126377,76.56528842677344
18151115,128.13726788682663
12363678,140.0761951528816
13883058,189.08958037671772
18404578,223.10179603052768
13065291,3.860703317126515
12095824,227.7018055324423
13706384,108.6794762358189
15349518,66.04153678985072
15917218,140.86203752948055
14127126,55.71049607324309
13464795,214.74872408374952
14761417,184.6888325890248
13531243,143.1433227996141
15546601,85.44948067140756
12079828,36.3098597987523
18544558,165.6836354172939
18095715,81.43749373502273
14758258,188.15648981964782
16073180,185.70926047090626
13635471,241.95124950120612
10610016,164.54368329679062
19935593,56.946654233172694
13611223,244.81570067460535
16096368,219.63842344448918
14376995,82.27867918393564
15585440,171.257153868847
16833000,77.86521417142006
18158564,43.56766286048198
15744468,12.198305427938568
16039970,88.95817768331521
12155209,105.82840039539401
16569335,83.61096384098
16783162,71.43481848259064
15409745,9.130806360317004
17585464,130.50921921033657
18296214,10.30235840551259
18145627,90.89294301072114
17952771,39.222087401078724
11218653,97.79423685492345
17548410,112.19253907581012
10776413,157.60323674811644
18223575,94.82514388192342
15699085,123.42212268182027
12917470,26.096148841995472
18704438,216.58887250349372
19604365,82.38824754623529
17476522,140.47647880801975
19808698,91.16109940950352
14076267,12.169447639583643
15989135,27.19642453739886
16518456,74.65856840640218
19115156,26.515916365318255
14767779,169.97140411344435
18890018,189.76514759567863
11833919,62.202186198500755
17987097,129.31838866147206
14697434,59.00779928972365
13965766,66.36402142241198
13127431,1.9999944563991026
11336771,162.98763356141353
11666971,180.85264392783125
17749229,113.61767844745957
18434917,132.09176983576887
13454914,75.31349551295187
10825757,129.2995943883944
12955525,135.22085173055763
19627063,23.255281088627406
13166742,166.1585940203447
13518939,31.948172144017033
16959962,118.166562922217
14164545,26.606230464869757
11028654,211.93025811635445
18369171,131.46580057313645
16284326,24.536644001930988
17323526,111.8828065775048
19486187,90.69505971336343
19925665,132.14090741283886
17177140,20.313942925247073
13963778,196.56870002249815
11161294,203.53294196290062
10670189,205.74583871126018
11300311,50.81674634103401
15523047,78.78367838235962
19549420,154.00455722242472
18947699,25.191572134860692
15740792,28.868497854749247
11109348,206.43896872896536
15367074,6.428887659899855
18241080,4.234743915628494
12848526,172.84384176525816
11356128,98.6938049505557
18557561,118.34517151272432
12569624,174.06118603401998
13680204,181.8694910719421
16061236,19.59740938141193
16642924,112.89144240050047
11539773,125.04272728858598
12679497,34.274527273521585
10902241,173.92567739735483
17171621,95.47934011037916
19727825,19.690625081720174
18818054,118.58299635362843
13741110,126.21563272290906
11962395,82.11703299592381
12764279,192.59584201556086
15500413,142.88142853672846
14862083,141.7338809998129
18752018,112.02161875221313
17153489,97.54524686133877
19358109,18.46181028120282
14275480,66.9440053617584
16927353,167.2899927190107
10174029,190.9910965086326
19594607,105.58550486368065
11967522,224.6081354230262
13033070,7.004697917517885
14223192,53.50921578418714
13884571,163.9423702752087
16050482,11.25468506480669
10158414,54.81286876709142
16952678,85.67710574037896
10244000,27.58552312827212
10229762,7.13329539980884
11456581,159.97896255847064
19052585,35.973640950243734
15797807,84.78571233211726
15397869,72.32289128569751
17755538,135.41889671588112
17010521,44.98484637770282
13602903,40.801085490590104
12933664,9.749033209276314
11763720,68.06548388454401
19445849,100.05352113600568
10232911,107.59313731951411
18904436,218.8684547971566
15077435,52.02114572329559
16127786,2.4210243202849657
13777887,176.6200738655981
17006078,38.71927716817224
10494169,51.204493103841116
16709658,163.46641119829988
17358233,48.48314767600518
15382966,179.49444179402104
11304866,221.55173443992635
14954248,44.03519440632431
17543576,47.26357323070401
17569800,67.42620083204471
12624213,218.21984105927734
11979612,135.03268425064536
19380588,165.24725239123396
18424958,44.17593313875234
16853970,83.83422084030295
14060949,48.73239407900835
16300919,101.5632664982907
11680010,122.80550593527506
16290700,76.19701218490002
18875049,53.41391189410724
19416303,34.215657760807964
18489846,41.05888275625448
10266885,123.06878593056402
19267175,149.4921962182078
17921022,176.0955908904441
11948320,147.0144742359642
15292175,90.96360005454048
12826845,206.32226858579875
14285377,72.25703244644366
19358330,108.10304529741104
14433627,93.75133990877784
12290506,35.14726613689277
18821278,103.4973750776602
18466669,55.682886754490475
18191103,135.5799106619301
18583921,5.46500871154202
16554864,92.67174037874739
10826147,29.629440106881205
11966394,50.51787488074677
11989680,22.85587761186012
12319687,176.55879026979073
16203156,180.48373626285675
17348994,24.255809333652135
17102445,37.849581969018665
16382966,24.571551278387318
14917389,32.27879788182605
17422182,42.77832104526919
13098248,23.850658695752124
10570155,191.25883623849035
15008390,134.6220147344027
11969700,57.50883100005508
17806696,6.948110879631244
11877586,3.141484681412553
15772788,222.70729409151355
12330499,18.74581927946872
13462534,8.433074704170348
17184236,190.21168904746028
15563326,89.1847066254234
11060769,81.6491959736486
14314908,46.793235597280145
19712626,89.78361074271336
17024253,49.6846049091011
14494156,22.454879621100055
13727191,16.296753264382097
12088340,128.41495430330392
18184462,121.35736018623656
12061462,14.780061582358517
17157866,114.83166125263192
12663057,173.41387497033833
13025999,22.381752654928214
17143275,98.27656067491947
16915497,19.63040787539207
14661410,158.5733990322026
18157671,62.57838576346649
12698942,178.32954447535826
14248532,119.98655277722136
19689908,71.36384579273883
13325818,83.45141283987317
14373677,32.74597673824597
18728217,49.72726685604128
15687807,62.0917133301635
15031709,140.06116781987177
11640033,150.3751389843723
17762006,6.494798991740119
17300463,178.35378587498354
18423500,25.838730441591274
18867459,62.12488197609769
19956618,90.81904140913186
11717487,212.90083943651058
13657808,115.91109939489753
16859377,99.65095320065439
12668423,72.25989862041216
11158097,115.4991288568929
18250919,7.200442628086096
10477080,168.43201247291088
18139213,196.02491084337137
16861387,70.4172619758802
17674162,121.64329586701453
14777378,29.28460954807797
14810201,138.5963056363013
19553846,100.12630460112871
14422916,107.18432946804289
17761176,5.216364890900614
11769784,125.6507729037727
13629888,61.5218103306896
15032148,43.47041969387883
15865351,125.0715922733228
10013882,13.741288391520524
12053690,138.38925658251065
10211651,101.0452924709614
16131570,83.82686264088143
18682525,92.24440081958505
14997748,18.78296937931251
18190007,101.0584664562362
19385373,177.74214144803767
16509162,23.24392972845453
14418662,49.11238815520208
16618332,132.73357787096808
19452062,123.91145693490833
14338206,117.75727399266303
17838616,75.76109097998872
18280943,22.902933955283334
18557469,146.9669657640487
17699499,92.41142517405113
12610747,213.0551991724595
18989710,34.56818538455189
10630310,3.173009599879432
17731293,25.404893505634963
13708815,190.89939121704128
15291398,90.86552030526373
10556827,54.54600697646572
10442926,154.00956559742528
11971930,33.11416031372106
18109896,135.21229396447038
15118662,3.2896336414167457
12923824,29.421103333633933
12600728,36.16896148247539
11142922,30.865698566054398
12462491,26.234420049364214
18996844,179.21461031305486
13897571,52.39148321848485
12756164,11.073188883089712
11236270,13.233669274040084
12399826,55.29201701317766
11944290,25.781572911246226
10354823,192.7211171029039
14616526,87.18194604874266
12344142,237.63345673003013
13470606,91.14701752856251
16202796,41.528606938735365
14116675,91.05298567408153
11639090,37.0970819867365
19718404,111.02040168637825
10636184,155.33572102735047
15558914,163.49722406208616
10912661,18.376588685128922
14777311,155.7812414779655
15304818,231.78201695019445
11231211,26.629377613459443
10480604,203.02056502888223
18473115,74.30199900017219
19976691,24.308209655410497
15874362,9.819493837779797
19644961,148.78564932204358
18685732,144.20759487432863
15603034,75.47369099129367
15128163,190.58863985217226
11594161,63.319065322265104
12734839,237.37846454295257
14435368,166.91321063369355
19195820,146.772823786719
11314616,82.12573853409148
11188547,124.1095243032366
16792673,36.11676957499702
12642027,115.58917806782183
15164049,109.75619214669777
12589803,60.614490471683375
11796936,116.88800124239306
18380093,123.1077549956664
17017081,33.53634181912632
15150878,21.091484075207767
14211921,18.199648917654194
11290538,87.99632244710051
16698154,194.392140304646
11566569,26.787935988560722
15217381,143.21631159105723
13218598,206.83314199265897
15054705,4.20625612788124
16182645,35.13617133327659
15108647,20.621980946935714
13890962,58.33806666474615
16330457,63.209030795851035
10250475,97.38462941607258
19948051,248.95258392187756
19743177,92.44584949983462
14600903,96.12115880060333
15381496,23.36005892639989
13896084,50.99820628352675
18053386,205.59439203131777
17910606,78.6675885569892
16710861,42.14007131446072
15219259,36.02050895023573
18458539,151.44995522185732
16959072,111.10087303695116
12024446,48.22812653109651
10131998,140.04750082599284
15658862,27.173919425513418
16733217,30.45143573017018
10072090,87.98769793933813
10826473,41.837704037064036
18789619,7.123847245035565
13423522,183.2739829696953
15019146,65.60109063109952
12190043,72.93072164137865
12302421,28.599251149999624
19020086,83.59562262305201
11741754,79.51781325933324
14714345,157.17524269616555
13377470,91.50354926255088
11083038,7.298223113492792
14429861,11.273826061064351
12505221,5.418857061565452
18488315,109.29176017203751
10012801,94.88102985279862
10332883,9.205120157122836
16732256,26.938608162662906
16025145,12.562787264541765
19693886,69.71230852808681
17791415,97.54961870486201
19392699,11.65131604277959
19379018,87.9266579624617
19070128,67.60810571517662
16415104,153.23692273078873
13178607,177.70080703137282
15931804,69.6069786639782
12341644,238.94703680112514
17906295,132.89243970529495
13873260,27.583364209513377
13234647,102.7984891607607
10137820,102.4332718345142
16864285,73.98156741927534
17308957,185.83834016980222
17755287,19.646607392249148
14623070,119.78637378240013
12888250,64.67077583832979
12966987,79.47014770051275
14460322,2.8484334477461
12196897,108.61426301014569
17605056,163.16004269597255
18643037,10.520707714394106
17091336,7.945351566854638
19209157,23.401243414082856
15710102,166.17009969331065
10965339,62.12293431105994
19869971,92.26643164208096
16984792,79.66936873350194
10117681,265.03661500250644
19148024,17.028654050032905
11030399,227.40481287335294
11876838,193.8493807107527
13390054,129.66302911011107
12298601,51.38269230901368
18602518,131.2217632312635
17192236,71.81850743252957
10229285,78.69627959498332
10969295,101.66874393140205
15916234,158.49465008262493
12150397,76.18116426582075
19053854,60.41955334018459
10625848,209.86666542352387
12747945,70.43749805714803
19254310,25.475172136036225
17114577,116.74164129550425
16262909,25.90238062768814
12318694,6.350061823994464
17696084,53.70620527526937
16102225,67.20421131296789
13975608,9.520738248920695
15705598,45.68873883214544
11944224,11.980713080496598
15218744,166.78933875231672
16057645,125.85585168184794
16653476,10.387348961320207
15480584,8.104671089281783
12334750,133.54996919109382
12892291,54.170632677821565
16346869,103.66469442725828
19378732,74.69826216350084
12437385,131.12643738256114
19993615,71.65345965384569
12020646,112.51858045883185
17462480,111.29806559143493
19578668,35.70559663553944
16910616,54.22914037363521
19898430,181.03094364877285
13066276,99.5754290788785
15158798,215.57541226188826
13463250,104.89053147960416
12803578,6.08171709289321
17916473,198.31592001588078
17714995,72.5314961279327
17516466,81.53894217002585
12184919,48.01424169458299
16957159,31.73512853471294
13045372,152.1557497952223
18259750,227.75874695598978
12018394,135.45062197133257
18085674,22.494187256130548
13884548,57.802236287375166
13327512,57.4427550022229
19608119,46.79212548106394
18922575,16.968285993281896
10944343,16.88374532161006
11588315,88.67778059031528
19665517,215.68136193073602
12658380,192.48770016996346
19103918,72.33478176040339
13867618,15.845251544222824
12825749,3.7108510840120337
17603698,52.91547624318359
15005792,91.03825085731154
19149260,27.170686266819718
19626098,179.79946601808678
16363754,49.72581231831656
11789688,29.094708293415678
12720501,114.67529506231142
13710236,85.06165624095011
18176641,101.00281287569712
10351855,90.42023337986531
18327796,84.60815295611238
15698033,61.524579137505626
11351244,169.36641588406036
15340295,4.27373957469538
10918735,11.28215910925487
11084582,84.43814362176997
18001980,64.81150664864698
12150676,7.270562691841781
14142051,45.1680278436979
12950892,165.24026011676747
19791279,4.506744363495482
13362491,156.69775023108247
11983096,32.138430890922834
16458764,230.0861309251002
16166803,111.79727475474168
19325095,173.35603309452057
15356645,108.56767722802114
12788358,204.23080111715524
15752599,163.18123250512346
10608340,20.241253226593333
11475190,29.48642811091136
17679036,128.31295548832463
12510103,20.688347061236726
10123661,89.6038526195158
14971780,151.8428648134924
19209733,94.31633749974786
14057988,11.044943204043205
11218506,139.80747664366524
19574948,153.93179827627728
14641475,28.630414987483803
10593248,28.621555243969837
18858935,154.61624632667488
19354247,75.37593869006348
15537965,45.16393424389753
15529181,113.63676637901555
15233628,4.700980001724246
15864287,240.5845846671799
13396128,76.8505048692585
13749090,39.7935366085164
12477808,26.15442920576717
13442652,155.4318920462525
18037289,3.917476466067458
17292135,7.965600971532119
14527077,78.58062912028818
12966327,109.14731328675731
17125361,78.21321018165412
15973537,150.11234607038648
15527192,73.57312763389533
13073159,133.28262494785284
11660033,139.63979645190167
17573893,54.472706201412116
16089376,66.3407172350735
12777341,43.5749133307827
15748028,8.864421512537582
17651971,90.95888463212813
17898833,56.561165904652306
10621456,64.52689865893905
10850183,7.261464874845634
16378365,135.40487448570008
17120164,102.92054584571194
16971500,41.38183527944434
19894655,62.076641703041496
10526924,141.0920442495565
18857418,73.66736001467488
17775419,92.15377435399762
19155103,41.607270672244965
13456668,14.432421783264553
13474794,103.52241717874672
17063121,167.43626272681973
16299205,8.93897710390367
12728072,33.06088081025844
14342459,69.8125917209239
12940540,217.48015585922803
16792185,123.81350847515715
13428591,198.66267971404937
14464504,199.8166433127267
14254234,9.486559752616895
11472319,234.37024649527066
17352972,19.355400589923683
18107311,155.65860892019725
13139047,147.98907406961138
11946762,116.3034382613527
18553147,60.48471608075864
15623588,33.10946333081017
13338473,3.5757063295679106
12271222,172.77534145002068
19097171,58.69473523337565
14102172,38.507983330369456
10020479,201.67749515055567
17768109,3.5445586568278324
18165149,96.37799350639597
11935759,49.455224707339006
11952300,165.9508231790004
17671848,33.03568104629321
10257114,201.8032703789694
10268173,82.29475465762003
13260915,36.12334235334542
19616233,169.14586598129992
13495983,20.003992887630364
10836250,93.05200944096079
16859033,186.68981155878578
13606343,119.21671392092789
19604069,84.13868776154855
17900575,5.474636325651753
17906117,61.84005276945626
19606143,61.561336040344926
18293520,125.31497761430553
15130072,161.08307008847115
19929063,141.8052235721673
12150256,123.5042212505887
14347203,159.68912867474378
10494078,180.65848318692488
10775847,75.45439187202543
17027369,49.273918346608305
10958982,24.53953507924565
16254200,172.93597811794572
14706546,45.053465396272095
16487611,113.8781935411863
10891271,113.17059505310466
15550530,44.04155409492787
15740386,113.27162923841557
10466957,81.5274219280982
12617696,57.544890729776604
19910728,46.520505256981316
15812790,79.60232137724591
13823829,6.871906569857666
16473431,209.7899792488966
17754080,92.04252583704745
12396352,154.9991506298171
11326795,95.55689893407994
10695412,45.737409250893926
13137444,163.43041211517146
16060578,147.27247277565553
12079729,91.25017457262675
17634227,133.35796677372574
18963715,53.6254714517834
10205471,44.62638032498456
19896929,137.52280995890752
11882329,83.06878715556226
18251057,3.3319534420001955
19222525,172.43028866249443
13990932,35.336768270216126
14907689,12.550668622071457
14526147,113.66492260804134
12508804,44.16776323232778
18936440,59.09784837972978
18657993,55.6019672845578
17572853,135.6166643481363
19764462,42.515198170253704
13075455,166.40882915322268
12895125,30.555190835508128
15830893,14.727021154468574
17575596,144.67569418010387
12026352,156.65948743305975
11192750,73.71734241748928
19208436,2.5621277020819226
15486386,95.28156509425219
13339827,57.59741286922751
16271091,91.58464313730825
15295331,208.51991949448094
19360607,285.2866449943194
12674899,8.692786078070297
15142644,22.10389600377236
18676028,74.24098563034924
18113761,197.7424229742463
11951461,168.96221770738018
14281978,18.19911818467915
17374074,102.13749350153876
13064141,143.57849290201693
19874640,35.32663300833939
10160535,127.80980825042849
15701879,116.48237010838109
13240724,41.643483149136415
13115277,101.87029088682398
17993246,54.82011186106163
19692512,136.8585761468859
14333424,223.7648137676096
17923422,5.563390436133961
18497253,192.52397101392688
19713379,14.579032375906483
11027619,27.761225882960314
11765098,104.33552023378486
10590077,208.20263810333853
15507728,146.69784425956337
19812268,49.80302932565776
14580760,73.5058467760344
14898857,105.02973783690568
19085419,86.64270932340037
10928008,106.85390410625564
19922065,13.146388304397227
11943193,211.42317241600344
13065142,149.76195606104503
13246319,49.37272738524071
13517666,98.18375121043651
17521408,7.786341327076783
10241958,143.84476885443092
19145400,4.81581721048467
12348364,7.114084587286468
17657824,4.124872109451093
12281792,88.28591208776785
16474372,138.19656371676783
17438830,20.7687356092667
18521428,98.38340689418716
13950707,197.69432090928035
14936982,118.78333901072406
17174976,7.1885694581599004
11621985,168.71421829933882
16929476,191.42595685429947
18445506,51.8972555161483
13780557,138.2553763918424
15629105,187.60668688885252
12549309,8.839729426894598
11688497,100.35708725667334
11204053,106.25696408481645
13086636,128.1108708798502
12226404,133.30013728779142
10581301,62.593691726388826
18314931,41.875528907684796
13407400,61.36781814308192
14468905,15.355782425121546
16871492,147.46985651985784
11007977,61.136906389748134
19109837,9.848498755106673
10481882,178.374558700562
17227640,85.62191610786347
11604799,55.03505053168826
14268261,121.77065695098213
19593226,25.477901223551587
14277142,180.33578774302308
16200540,171.8710983112559
10115284,10.590129701517425
17151775,37.96011347293307
14667306,64.71727762291619
17054511,48.44145534438701
12194986,61.71730857919758
17844052,160.30724544085552
10687967,18.53573555905056
17972545,49.16125171225509
18298527,39.2412890377998
11684127,46.08317764449101
15610530,12.633211106049046
19416338,36.75213082051812
11567280,15.370831809525045
12088481,128.3210734602735
14661363,36.93445578499414
16579928,103.58405814824651
15958775,61.01302442644538
17928104,30.712604827037417
16883252,25.143750274652913
17024549,44.527625100610656
11592925,156.17618892151083
14133520,47.3128619485321
17330495,132.55568980406443
12978657,88.90914286599707
11116171,162.88632515205398
10129910,23.70533783099514
10556798,92.65419134879588
13628975,148.44288515769432
12726357,73.0332957551898
19669217,132.60304418763607
12835963,29.71108209728098
19455241,174.7999751226984
17433353,196.1310643448022
17152651,8.308278548890762
15995398,30.66582263314735
15957173,62.43825698077087
12486687,205.5625744990942
18304419,160.83583512334465
15381308,117.24681737152338
14178497,81.99361577245915
11568547,170.8712507488546
10134350,86.85715957740365
18225118,44.27387837113299
18180430,132.46057742270372
15020453,82.72815838968343
17811884,115.69938765178438
15851066,157.5128908234758
10679148,104.68873481044582
12568395,167.01262744390445
19136396,222.3168639317769
10641564,105.53625301578562
12259323,225.69941828693345
17349961,136.82284209179346
16053929,4.811698759404891
16904485,50.73032772184311
19601683,18.7471601029133
19640300,151.61400309274697
10315717,13.908083888739345
19715782,15.667968434550438
18258413,82.52666853251966
16257971,60.18931719332976
12492246,93.62041511860548
11388698,61.408195719853964
13038144,98.43345462143937
19998603,115.2109491760335
10749242,58.20903252919786
13782816,46.338089380601396
14208170,8.530986305990039
13761848,36.58065404552115
11141025,3.407246286103802
10712930,9.242028815519491
16108423,76.14208299341
19092010,4.492960995608597
15935038,158.53557834602555
15384983,39.02650348387922
15672166,66.09161776168003
16991521,22.62663096233218
10302267,122.61836613092832
15119296,12.719373781451543
10388146,58.12952967444669
10041638,74.52986466115685
11907199,170.38667538873742
13954315,56.26245444363061
15805510,8.46344803590252
17496189,82.52590257796471
18647795,43.576740811665005
11471355,23.36312934586728
13127106,161.57991656342236
15861036,118.19939705589984
18797005,55.39821201987096
16504606,126.49436402317662
13872524,13.546777559015311
18408109,48.60452456712786
19614585,113.51773129283926
17035174,13.364877040156372
11636441,172.20711655342478
14508404,119.20710145585008
14525296,216.77310470301606
16299581,7.39850249935557
12025402,95.07695031907406
19823260,80.7917496944923
17538197,109.21580908110822
15369798,136.57555897441472
13285045,10.709564885459264
12985572,88.32385338469476
15850859,25.366103563579845
17371262,42.04574063913806
19796584,62.52036076158012
10484869,65.10892974748327
11810121,27.817257690607974
15790423,154.69382237619251
12132339,133.86190747026717
10918689,24.422013831490446
13447451,62.26543079061117
14077818,191.31020395121408
10133801,154.145697075979
15162283,128.99651652725353
15814212,80.37667290459255
15783742,151.6275200636475
19666541,83.39543845051215
10137959,61.626599207716296
17115421,122.59015266550405
19630701,91.24169448658995
10132457,123.00057179430091
12301038,171.68900038293884
17544745,133.14277038470877
19802483,105.80598465557551
12917144,59.05975999235166
13987695,34.636556715061644
11900999,85.22851373252401
18521918,102.26428548625805
16592155,141.48375216803953
12291372,196.36935267548017
14647387,150.90503290875563
18028877,39.46428886610345
17592324,12.721299511016941
10445536,90.68919238628841
11300613,29.347736006121263
16454462,77.50276783880469
13523610,120.37171400946094
14837578,150.78524769721506
12720868,64.31625348329447
17818665,32.75339326853126
12278300,260.71695023805285
14920065,200.0774122917837
16311601,135.0605210168946
13567779,72.51957266549819
12657700,33.17498011884892
16784301,137.0730264569607
12751806,130.84294397571392
12595589,213.6362541263178
13380817,8.324107774102663
19487257,22.265166673435818
12470563,8.962384235434325
11898845,151.45973466956343
12879279,166.5879726502705
10725494,31.80966350001092
11376204,151.78422215064026
18880919,125.92174662443956
11772037,10.334064462254352
18355557,75.82138403234887
17316287,56.62079278646453
19032967,13.345019781990098
14469880,176.21037508601543
14560093,102.11277502204153
10960666,118.476423877986
11413986,133.94317612129493
13812171,56.64560319758721
18085938,156.85421324130985
13769960,156.24348367984697
19797460,159.23387924069414
19648443,101.20001768066344
19385622,100.3542921396231
10030937,156.32025446239436
11028106,110.65713438666326
17781417,19.53974774213323
14428857,50.660476659285486
13906295,9.43828745807482
13811073,53.4053650846645
17510042,23.597807830654023
10925816,26.437846447301308
15340495,135.54000890604595
16497640,9.91013204136123
15101589,12.626758613871726
17824478,183.8798710037994
11544557,76.65516029478874
18471107,60.595731041365376
16023351,59.99089617486277
16002571,208.06083039772096
11023357,3.7735072188053325
12735892,145.1946795447017
14964611,25.547165244420444
17917883,75.38801733198613
12578037,8.451862385736087
14069307,191.72409239713596
17990752,213.9549476835493
12410730,106.15328296579152
13837020,31.773680406071218
16488985,107.95541534851905
14734204,183.41055637698122
16187828,88.23915743603739
15876285,61.35677328397558
18972354,103.45674311874282
17494080,9.285487937315116
11481041,150.87606118508216
16126183,195.0558108499242
13277989,41.53725941237118
17371350,84.36186400315464
18499359,264.2945146745085
14270161,103.5911494164432
13134028,15.831990787899532
19755395,112.08059138697521
15208526,40.28251227414343
16109757,11.735511046010236
13168347,221.20754317076936
13020317,134.50892629794112
10011812,54.597650804921294
16925643,137.78955974444767
15763672,19.60815253536932
12436331,34.418605552557295
12115190,12.643924330503221
12860475,61.270906763854974
16700865,28.267877609612743
14814971,146.45349854525483
10081258,119.080380672
15031986,8.364323367854134
17239485,186.39312160208863
10460203,54.08225935735074
17690511,135.4302222498535
12841523,177.0387490091121
19091879,156.322463940651
15983344,68.53659918169265
16398414,198.7274739314253
14660795,193.04007766586352
19026992,76.41386408124005
19839960,71.88498345196003
17643401,66.80192821110593
11294536,107.4268779215485
15280249,16.538121992292357
19135706,74.66095869989796
10280911,36.99366090477483
15404515,11.24397847284551
15499779,172.53857365391113
16716471,135.95760382768307
12538968,53.676489182827915
19114546,99.46425240208006
15975029,17.962202917109433
17169871,193.02469994872462
12659284,116.42853921676263
12228347,175.9223226321624
14584253,36.816097045586986
16353157,6.468782560920897
17911210,87.40407164457967
13854205,24.552280387443655
13137758,10.236168414665041
11956634,8.42982333017577
14715979,120.89393738219745
14335927,82.67288864673637
16335033,60.30632630766727
11079294,27.96716100467257
12205400,95.05372678133844
18011669,117.18597701233432
19937105,104.21412281025893
13020449,209.22227985319037
10384770,22.900501950404234
16933466,142.25180169883131
18864632,40.69931837438058
12339121,41.1180644650353
15761095,148.73747956041913
10587939,59.23307319260613
11864438,37.1410507111811
15631560,47.188754361871624
17178684,51.40395780162451
15142192,160.53909382525094
14003614,199.8497490279753
11890127,48.49004429242261
13674642,175.30599721584576
10800093,94.10107291648906
18993624,238.95914737041218
13438528,235.48246436395527
19691507,19.456911274629515
10480790,97.8818279314811
15925835,11.137121062067527
11586893,130.17038667412794
16309125,22.857440579980874
12613285,40.80336905511942
15993245,83.83995356666357
12847753,44.54342957102292
11158328,11.94924092595035
15074838,16.704982625368423
16020649,166.71219009454447
13617043,152.01625720328943
17767631,53.629791961129406
10044774,113.42835728103954
18037928,183.843257038634
17382283,38.02337273860399
18794890,60.164461263520835
16969674,96.18438572216203
12680425,157.72556186025085
19339030,19.65017510988987
18979629,182.97232229465186
18818738,7.605993570316308
15247493,150.8379638414384
11914274,52.710842118971634
10153799,40.0454559846425
15179818,182.1342610027168
14565579,31.33354735172811
19536630,55.695495444076855
15059795,209.20234302389522
16735236,80.7480879564112
12686066,107.61602805025332
19877336,143.12680208174666
19714157,93.65536248589773
18115026,258.4243559360424
12903365,69.06747151934528
10889897,190.98717530044502
19948847,69.92628324909644
12652678,116.32530464962416
19677464,143.85397182257665
14180543,37.11329124588172
19951388,8.221908589862588
13862112,52.11877960406944
15017250,68.4455117491768
17795547,13.831078369628894
13248962,63.345779979301355
16005883,10.820478590613087
16915994,149.08569289916846
13467771,13.79524874815784
19862023,15.746975228324194
19903249,100.52352435680947
19435593,177.71369432716847
11048913,129.90896661955236
16810366,75.75000298938606
15572882,149.10036910087186
15228800,78.34060655547717
17673217,2.3785485647663362
14066271,81.65477186905957
18051437,250.5460431094361
11983331,99.75712637357844
13015459,156.5208877733308
14405270,150.65039012709323
15936301,20.415791335804954
11603478,193.07466071831564
10838219,38.957418184157426
18655705,99.51958678512652
19814184,126.11824841295473
10277001,14.93603438778878
12461328,8.702235253849787
11220068,116.03978848653334
12128736,50.51640044842573
10880425,58.49322842420951
17423388,80.73760805387285
15418365,23.255260773315218
18772197,183.60575424658307
14533301,147.8517203971061
13210322,62.71030825795562
18125679,62.69048980062733
11300212,95.6327245288408
18233224,13.408777717469025
12925052,29.402025681380817
14938437,264.1669395650209
18715447,120.84239439564439
14448257,146.6036009060969
18644412,144.42056752170672
16442069,183.1973037135904
16392133,66.1163045448768
15733989,13.86260071897087
17961995,90.51182214855383
18252836,170.3409866271344
11518195,179.34428036179767
11615919,6.775457604166248
10329719,57.380735884396664
16830440,78.52054854517694
11816376,8.1855227777643
18233713,125.77366881443284
13392219,110.66306459197605
13827729,110.14785963659921
13713143,174.38313538368163
18266691,106.95575320584547
14774225,140.19246630676176
19794702,40.218023426125654
13591165,71.98018858472904
14431680,80.13252925222747
10694934,137.41209437868633
15893802,31.626546523396623
14467709,45.73327045790338
17914146,146.73492126058989
12166146,141.53974236407393
11594770,17.122963818373595
11888391,33.169639120529794
19966675,33.88658459558774
17918574,144.5630157292552
16630436,47.53731085740391
12965906,31.39908619078926
19917515,65.42218445832555
12274315,63.622707035719095
16701146,103.23512314134166
18074033,9.510900017240834
11337017,65.89310669469154
10999566,128.18597677725617
18986390,82.11668256099973
18802617,169.68107707926183
11729165,40.258095911842375
17929599,206.31958676276497
14365744,99.32564146874819
19128201,93.22639762861938
12116349,22.550838326076445
18121420,141.08543753884493
16065679,114.97966461773336
10242244,212.78577532620056
16811918,59.8486883624291
14818166,36.2751751066797
11865234,183.89234482295214
12586756,114.65713591608946
18059709,96.94639190247452
13192669,18.963982572194485
16645534,40.08653243507594
16798826,121.3498551556373
15303833,48.4513559674723
16765426,62.608451714214624
18909493,123.94793401292
10280257,146.1825249307928
15775471,26.053214339182066
15817418,195.03086420775202
13570952,96.2609348304297
16518267,258.5493007504129
14309378,89.10970050119167
16771018,168.18248646189699
10265844,215.83950570291174
10866924,76.08232548812832
18151671,134.08729473340358
14870382,12.362595673730087
16475143,31.001013234116368
15323218,151.2289010924403
14917110,151.68411881833956
15399629,123.151776358729
10251536,107.1562952918514
10068396,129.45218635713513
15791396,29.920741311558427
15072997,25.670525419819548
12323198,143.88874992792861
17700887,29.98421347838853
19407643,19.71534893637106
14033574,5.899675519370799
12620966,100.47808558496233
11041500,77.55604505453967
18993769,43.63673545877041
16128896,147.57522246729033
10941600,37.38119785538462
18444706,20.1680015548773
18986921,8.59994860952468
11978134,137.1449937544584
17897028,43.56319566298799
12857174,167.59989392081397
11565892,148.4537481952469
10079137,45.18585689316725
16180408,70.76305855472383
16673593,43.465482127319014
17119003,11.676465577597169
11976117,66.83543917771192
12817804,209.87503770716413
19081831,20.69830223076997
18095026,34.78855746971768
16729306,131.46203574217674
13061333,108.8815307056513
19729140,218.13113006158605
15928744,45.3866438323476
16917034,22.93308596841624
12384726,22.90975058780466
19207712,116.24223899170481
12140316,242.38781879270397
13613817,62.69038095973582
14788249,158.04311043196367
10735159,147.26825652545347
14105081,21.047062159097898
17470279,71.13447290150252
15836080,171.482657073395
18867457,173.9424819808168
10227552,45.243327263245
11767579,232.88922799857806
11382604,2.158448375022793
15675194,170.71945421816193
15558386,18.044398869999085
16131760,98.26671801066115
11427185,218.4102788639311
10758572,30.67995924347842
12373545,104.02982572262256
14119028,134.93719514059535
15464961,94.87225781594373
10388266,53.459982476611586
13887001,82.0730850320574
18567630,122.78951168922126
10799580,8.980401429555222
15844244,59.961675547929616
10121024,195.194568599814
16772615,50.99815574055723
15680934,32.03740672881887
15331150,141.8136716998405
11684109,76.59503593617643
16366436,2.0702916868381704
18694030,202.7223050251548
16785631,130.44224378685266
11617467,25.97740323193662
16121256,191.57641542786706
10159698,53.47971305129956
18457526,131.7682237710048
15054452,132.42421115891267
19000838,191.1342934979883
14923338,74.72344091265842
14395577,12.911982965876735
14647747,51.92466011948382
10053023,111.58229799388114
18417736,120.87323603627236
15462287,176.3853526564815
19315987,101.99245650943497
16221860,18.864372197971104
16356363,19.02850543742811
16425653,171.62162973420797
19170181,99.27416569796418
19049578,8.1009016650933
10201123,52.68172748283604
19617776,163.99261826966784
10041318,20.744973612500804
19159010,58.15108141998071
16769607,222.693902838119
10406833,77.83352181247774
14806449,5.870773148234596
12476950,193.45793002709001
13801821,53.19882187721172
13066498,154.903250122864
10681639,68.13212947188599
13628657,190.45770572653106
16571030,35.442923197995725
10224780,3.0890814104371973
14397689,25.932450483572882
15119665,7.494904276038871
16926563,89.56644028857318
11835252,98.79719388322145
14767434,34.27536267312372
12591152,105.73097533648627
11119175,164.16302871062467
15000109,40.00306540421287
13395260,46.588816236936715
13361345,4.719662841133576
18833583,40.95796976251707
17235113,138.18584392270242
17552591,126.69596398236934
14365826,29.249814588276077
12834952,220.68103285529452
12333421,175.41591065513984
12256111,156.22572075151604
11039948,24.20776589759175
10117815,173.29610387859935
15351545,52.346465979761184
15125074,68.2760481295828
14199182,75.49183679734186
18357402,43.944580341266274
17220466,119.94843553486905
16102997,202.1023331450146
10784322,291.25801099708065
16515805,11.208274759140892
18401432,71.60990366863022
17564541,149.86106625634824
13568528,10.11656224711988
10651496,112.74200509064757
15729439,58.302002252520566
13714424,149.55959608238203
17514764,151.05360022837232
13920685,74.54471578042403
15934377,98.744570520083
10047325,99.0459461874761
14043610,14.738364485968932
15706744,171.50834040189943
14691174,84.71365838257826
11806334,43.167833479196524
10241519,23.08762611504699
14701930,106.98645511142283
14891076,213.8483443489427
10531396,67.0888105427851
16352651,25.871751508523708
15931302,86.91478898595994
19191395,28.80267635763277
16111547,23.896012791334297
11287337,194.1929023027401
17094041,102.33247302300516
12370784,48.891967624921584
18240810,170.89771494069004
19849872,42.508695019371466
10461308,20.472916543441585
11352685,19.925416098891812
12366903,142.79253677105064
16972480,97.40531988788163
17181524,127.2052426193834
16266919,9.206680808141027
15892437,75.81098741559809
13738193,98.7518107448291
13825848,26.87280077063156
12484482,160.53777237518034
16647725,100.48059121061893
10562381,19.053448790412844
13255858,93.39636103880774
13646799,17.38364463085305
18834201,73.07185518865471
11480876,83.09646690417556
13935110,25.867313908562554
15944181,132.46400860049337
18272188,212.04590398449312
19912939,157.24627359370487
16053479,208.42527135061655
11719121,149.59069284439886
19045953,2.7493922668584223
14206471,46.126811973054835
16287414,160.8472469179273
17777188,166.42390812997357
15325109,92.89754527202516
10980041,70.57569974647376
17701747,57.32709985665174
19532190,55.8276625537051
19066888,94.60649831999092
14771702,135.033187827513
11985090,7.820192377985432
10488201,10.321680479746671
13870294,29.097393633661383
18972977,10.788492643616067
15154342,31.149811536042854
17946518,182.7075295322782
12768264,103.08607048810829
16408324,7.915197083077833
18545960,200.03811692926675
19544033,123.01825882487711
13065158,95.15000389476131
14088332,142.08308118613343
15425530,53.850763830509315
10039189,103.83742519455942
13755382,238.5327974263822
14435543,64.42483618718096
12475002,89.89844647676223
16175343,221.10834629081344
10537052,19.83618608346943
16928647,9.257670398498345
12641918,4.070684504800342
15503569,127.55763017293383
13771824,111.27982925912056
15424154,118.84937495124264
19023270,3.2341771693012165
12179387,113.53334201960324
14155558,159.05294670446466
11604006,149.33247263889368
10814313,173.45450341181868
15593888,51.707294052925675
15530497,139.05948581187843
18383050,169.50725489049222
13087659,26.91494924304364
15905404,42.695822597315704
15238405,131.847839977464
16870818,49.112083922487145
13335632,178.91684554748582
10984938,191.14566181570945
14012808,146.48829078923
15275311,15.571943504763018
14899436,120.57333540745785
15602974,212.3903090225798
13741521,201.03259311576312
10797742,72.96486177355904
16408479,5.24171972737455
16143118,17.17722695465134
16009926,63.253265958532744
12071382,14.365261705171248
16566986,206.06400071001735
19184527,56.74909981827177
18115792,34.245356780723654
12770387,116.03138625541791
16915381,72.68502526247823
15019351,25.859045957429355
14556630,115.89318487928796
19246060,56.88844630177684
15869217,129.78415902729597
14876319,17.137976990943976
16521616,177.58184294849997
15695294,20.71027417274282
17472077,36.64742474397584
18682151,31.874378531022373
18657112,36.70302917340151
14296711,60.671973498271974
14273029,118.57170684816353
12493640,43.251527090385174
10043979,91.47214404429553
10018305,3.023687635373894
11844111,51.858249426093295
19477660,66.18083654849035
15831321,146.46989028858312
19235693,3.159083461326745
10935124,34.5176738260305
18209611,52.682215454013566
18252820,19.334758784146103
17367800,59.978995276940324
18852038,77.94000313881048
11566584,111.78607968029615
13811744,189.56879538883612
19874426,7.460314744616903
11909827,55.476054654326525
12338147,73.29632492067813
11502386,121.63399347218703
13992137,147.83042577252607
13043596,25.11944482440498
17941428,70.25909031834865
12374371,133.9668779690077
14156465,37.81507105517283
13082443,36.79584151063292
10781632,124.19875405860289
12405425,13.550807964543235
14567014,12.106595945146726
15343030,78.66548711816095
11540058,134.73185101977936
11813226,6.581260395369424
10660887,58.258365729567544
11547850,170.2853868981228
11761828,207.2426076674922
11477614,29.347960505523876
16437264,37.5591842041273
11734804,24.792450008283055
17823688,31.05301666132092
12725723,85.67649583621171
17662178,111.54325468661646
15252606,119.20678013446734
11847975,111.61017123417092
10374360,188.6054741660665
12014624,115.42082145138515
17632939,16.632665539201025
10259605,22.725578835740816
10939512,206.93109292621824
10199130,100.29865386223591
18580982,26.490884916967158
10757805,4.056042022463363
14500931,48.58431705686647
11564427,170.54202005929852
18652422,103.37949989908462
17884946,12.377378813676305
19367182,109.7461834944272
10699201,55.92026785104771
12478835,30.612089001722886
19098320,92.18870974850704
17127278,27.775446474484784
19212878,94.83425001732394
14105244,61.32665267330401
10442557,6.392457403412209
12451704,222.98689817589454
13588822,11.669775557201879
18357633,241.10320264927404
12136065,31.721999397547428
15510441,150.91959908332794
19035293,175.5111842416075
12184877,128.48514606597303
19111689,26.225134250074372
12014300,119.72739904304672
10654497,118.56659556544989
14522123,174.8271436484374
18830129,13.65791050973039
10061627,10.862390297590956
17557348,169.96564165193612
14449674,183.14487189050485
19633902,82.0896276469424
15007836,34.82588785113737
16500737,140.30389589254665
17943492,115.86833563472356
17307095,137.1133600802403
18347688,7.951030149146927
14677919,181.88146333923837
16761962,158.61811815154783
11245535,55.5060298719375
19517363,161.1600489326111
11557134,124.54710015076462
19926427,97.79485105767482
10559626,12.362800769804286
12269522,21.087101270295566
13607724,192.60881026901066
13871231,17.329621922705307
16104833,45.110566806903016
19443080,144.60115021373272
12787102,104.37225056071564
18560987,160.37344103498052
18612405,4.2789223583908464
19929360,122.03602172523804
18708175,180.9527380009015
11436572,49.995194320438614
17964837,182.75241766177507
18419219,49.77365911138595
18228062,8.598303415469692
16323950,21.731817869474828
10231717,47.447488582053516
17351708,178.95986972574983
16045051,95.06414603952831
13044803,24.17347527162923
17573094,80.77663117364301
16456283,12.189090894707482
12849819,174.78769509227882
16490266,209.37601015647877
17966486,79.0766807620303
14849801,33.234136221280735
13633470,168.2116475563471
12051724,177.00185859453984
13390777,162.22824778420053
16323163,39.21424181414722
15747020,54.57024733615098
11015052,30.045609087339624
12669956,115.7761013764516
11429199,204.59615878499483
18576735,23.81740962471974
11301572,9.976500094955046
19441232,86.94682244546802
13101491,114.54849980481953
12240246,3.7651324997174225
10831200,24.08873747446463
17326367,6.890814991020363
17150251,45.76277660451123
11113500,13.537365781875787
14250379,201.28589057678994
13362434,66.84425445068497
11590119,177.84841948754342
16720944,21.625367137732027
12725801,9.488318401268122
14932910,22.175669033248038
13877263,28.00883053319252
12683983,30.862068424028855
14164987,179.20568295049026
15278502,111.37080884883771
15334997,119.46115224199964
17484343,156.08258556648192
17071307,170.67727671530605
16084237,52.82891005252124
11019387,175.11327769586413
17635362,259.9961239865228
18271283,164.58506484628876
11917982,69.1526751002392
12016709,210.5946380698833
19576866,20.446868492891713
11194130,184.72664377706866
14414496,47.46677234523516
18715496,16.53763346719176
15716761,26.453330519897833
19608093,53.804642268464114
16405593,99.97191599514152
10988521,201.20868113224304
15948470,20.381965689660245
17117573,118.71274296488342
11969058,31.439530679170655
13266927,31.352249974649265
17364987,78.40789498379944
14897353,72.17517975576213
19298349,197.01777951882318
10554747,66.85771124849501
16697958,10.601955765577937
13147627,66.29382478473053
12383652,127.10966063369992
17671943,87.58852876985536
10234951,187.20288951734946
13277808,84.16926801434471
14065836,8.863776503293687
19031522,66.07317393870868
12806997,168.13792945975158
11022378,24.782414171241488
18385028,115.36558776666348
14344420,25.83711428109372
11099585,47.68767246340601
11692750,22.499123890923475
18011722,86.01716764864685
10142566,168.34318091190167
12242593,105.9468758591412
14215771,4.756438382455451
18834955,197.7941672799638
12882823,109.15721127765205
15976902,40.045049759060596
15701030,7.432923812150684
15901851,124.70506703743294
16333757,92.47141056191083
11222613,12.028255108001606
17479420,7.661716218879191
13315933,207.77278132076196
14582681,165.43235253702974
16232426,178.21593721192775
14269819,12.005897404030017
18594452,98.01461065802799
15840377,85.5414787536621
14507249,29.639463917707864
11968334,47.97774013751946
10561982,147.10613641372842
12088858,59.25946524065299
12601969,177.85516690088758
13087084,168.4321095955224
17446692,108.7734023153098
14611732,109.36614213187617
19929743,86.0152494428882
12982023,148.32334755686924
10574846,11.355670687387763
14350099,99.40409904863378
14381201,210.03889799265053
11255898,119.39657518819918
14686511,181.2298630393507
18097245,28.26493962513624
13867407,113.74012757202406
11085102,86.69385382746935
16014802,131.9509954898676
10788929,175.82439411183293
19917566,54.592990034347515
17728423,134.88012788344392
13172849,70.94036786605109
18206117,105.77625496964883
12116666,215.66630977027282
15172401,140.2454020587736
12466516,157.35706234564222
14775158,48.797305260946345
17996502,13.41529411598664
18359791,12.530331238104102
13417310,21.35416567278034
18057763,152.42645738706292
16818429,26.073732166243655
10925383,28.40077799970035
17438241,182.3903445812811
10199610,60.14945340416317
12366148,16.09624536741121
12354924,66.64771198683916
12965936,8.893520047049265
12817309,61.79688267310847
17521745,139.62522016630382
10181065,121.2814472967003
13654804,37.78557742349704
15168455,126.90030459643869
14176654,81.18483099733602
10467074,214.474287868177
17487188,160.0486035422508
14510596,202.5208845125016
11122624,159.14786652469365
19955129,159.02576820456844
15526188,12.804002217909382
15103183,58.45932687900041
17688328,20.80643325431826
17739883,144.17944370256356
11372824,176.7096124181517
16555457,155.76647852482267
11367314,163.82849995138093
14794863,9.160806793358825
10886709,101.20503497771911
10143089,3.9349250428480578
17926631,107.49274093625665
17004303,153.13935934697622
10387714,105.7972219935487
18331439,25.414784525381826
18790504,151.47088033196175
15273699,124.43444163960682
11390260,18.538864450775364
19999086,42.15959647080128
17345039,124.78852489729427
18478250,31.32432543818024
19267304,34.74866324235772
15600179,192.8390666906829
18198050,19.392095796799648
17296410,68.32269936081295
15518016,54.32927791782872
19649047,90.3442314232244
16543055,191.97931524067639
18353709,43.59262524321915
19830011,31.068391516997725
11953032,90.91409478329253
15335118,237.47236754790498
10823777,58.22491275735401
12607460,16.24881870357987
18741499,83.53172465807717
18319225,53.583472878979094
11895922,40.63261134924152
16116547,65.4049769123437
12075809,148.77449932586362
12847212,17.747624416716317
12446714,19.314442037842554
12209671,22.641780574513046
17876911,19.244904193048317
18738475,201.34535659337797
13564712,17.394465429590397
17404782,89.8714427161441
13262589,222.48198817285012
16834972,25.499246883303545
16977964,175.45605937391917
12011289,24.940448225863967
14214214,9.343637609760043
14289807,182.31423577853846
17823841,144.7470198950822
17624255,16.964640870738634
16030251,61.74116549889459
16609098,140.37092448025598
16384252,76.43374772943426
10687000,162.61508691475217
18468299,210.66740339508803
14754307,56.39455903368817
10363700,242.55107486191122
12796349,124.68613839243017
13368313,10.36632171151106
11530218,36.287606329028264
19928569,73.33768798538948
15887550,87.8793583974139
12854895,31.169121439735015
14785428,34.433988663631474
11596788,31.131065502871124
14193376,49.48405796404685
17046325,172.3905689521187
13460127,138.77033761872698
19026556,131.35903644844592
10763803,87.26332700469547
19714526,130.52477560567354
15991712,20.8956108175131
15327195,163.79301905146124
16684429,80.34586623555587
15680979,47.347478544513685
19398606,31.200072753433023
15785718,158.12670600043742
19250593,9.76813827626953
15286971,21.767427969385675
10926498,198.735824911528
10437871,152.32738908547046
17282192,59.865244526760144
15606411,245.0916051137938
13523445,177.35719787463916
19295195,53.57152457872882
17403075,49.11894874987017
15673884,96.44178898304446
14260901,166.04010979199845
13156882,158.69206195617573
13818456,48.24987724049951
11580094,82.26782024902629
11264158,92.17015076020611
19334604,50.37736097586574
12492743,157.52629449158272
12302947,76.53904843018147
10162019,29.528379019980438
11497178,157.7417185250467
15033895,148.4295133554053
17110501,208.22843935626878
10494313,76.3677130576662
13560718,72.38982381313808
14710937,12.558950342842255
18224812,26.316917720924064
18360780,72.30793644908336
10263593,7.579113162935514
14558438,99.37375912811449
17064853,18.68954808875539
14608298,3.480895144041681
14928332,78.66086961061033
16347757,17.719581764452936
14273223,54.034359341975446
13967751,218.03739485747582
15152578,5.229405789085688
15336635,41.588395964117
13989217,18.9800290131192
15138479,89.20818147448495
13368237,95.69735220006359
19668956,37.465876854108934
14761809,84.88341648833593
16711357,22.726088373340506
17847428,246.90465591566445
18172386,109.25170354149644
17932828,12.942970188337082
11022237,112.59449552887833
18799994,23.07070796280942
19604604,106.00276016911657
12372384,57.949715334242235
14870937,98.66999084927288
15114833,139.8381303478577
19061466,102.64333291948141
13554130,142.28658473293063
12626916,36.44065165436398
18920588,162.97385630441588
17888854,214.79510390319305
15483091,178.07820014438434
17386233,163.24829977316506
12751108,26.954502842359865
17334990,30.553309729969246
17949654,73.56769487797824
16250058,33.836934202596275
13876122,136.07100377863898
17477715,49.5328996009986
13504699,111.09479180469653
18625017,124.47300518278796
18325453,81.54406726503294
17382240,157.70260688497842
16254852,147.9007137900196
16330345,76.26709717814768
11986086,102.82683967833692
15137480,73.36759761352856
10679574,156.79394246180826
18330457,101.29379880960765
16647489,82.22270768098231
16000348,78.96119477976708
14132117,53.13204237829504
11403094,112.83198565021871
10067859,209.94784158679644
11592559,177.50636490891742
11706516,20.009425123408555
15050012,33.14779024140144
15598877,18.099154269782243
14972495,115.72042617368517
10600476,29.233636027082746
14666892,6.576623074377918
15143739,235.29674290822666
16773888,85.75171152339182
19606867,21.453583672647284
17152515,95.90621069641702
13667533,85.3148094552483
16869558,33.81398292602072
12668224,12.19197461386395
12556165,70.68259556151337
15980106,77.55034858562519
16725651,11.368118241678085
11006555,49.20216604886995
17070353,19.191766053734895
16495512,206.74842745952222
10953410,3.5401077483124492
12660464,120.38280839693742
16292172,112.65612635505235
13070578,32.17795924656537
18212961,89.34196206738139
10581265,13.110906522975533
14699748,176.37975098388472
15809434,71.65677834564929
14896640,38.308363097555635
15568358,101.43131616361698
16452980,192.02030672564382
16198416,211.16101070775312
13297449,31.166199993521765
18328111,107.57044608534736
15582159,57.250504909060474
11458777,104.940832517646
11034081,22.57953438330775
15425156,43.87123265137467
15385293,154.40458997251667
12416246,113.98097128335434
18758816,55.952319638897166
13609739,108.01988449127911
17153443,33.220392469041485
16540682,2.5538901707558166
12836071,152.79863848216453
12370982,238.05689775940726
15933821,68.2141694465435
13404165,14.364459617573194
15768703,5.660807346618309
13522792,109.52130350843424
15600012,251.50618443234038
14839368,78.12160125065552
16863805,126.17681180616957
14874470,4.041753803896817
18230784,73.79855162072164
13709683,70.997537025025
14447222,2.0909893014898016
11560557,14.339434663073181
19385688,64.91275682420961
19087162,185.02317909651865
19326195,95.06283350716393
13854199,206.34091600804956
14478823,90.32777789960139
13595349,4.88538347944009
18203533,227.62224335323614
11483730,142.57969900966634
13364765,221.1059243680506
10088727,22.66792365346613
10083493,52.858777868844896
11229506,197.2614772307842
12275039,5.281381136425645
12281127,149.54447827397834
15485262,11.520713707446163
15769427,133.9981549370972
16778352,53.03356862707612
12553617,146.64228587682547
13282360,88.38989106338842
10252570,40.73466837823553
19721849,27.12516672373735
11025560,70.16485686691854
16938655,69.92663738262154
10107692,72.52954248407107
15140300,11.188169317849036
11545356,48.429265050956545
17668463,154.7700461084081
14106644,216.83017205930656
18523193,11.380156847485251
13719627,103.50625010203741
19524165,156.9582819108349
18450512,35.68187111462179
14186239,25.180381328298132
12870966,93.58900474503211
13168765,169.05868681656318
13690001,121.32427892994627
17210344,4.625979920690116
10886594,100.41421589793747
17424396,103.12764640115849
13473706,98.65841441163631
14139296,9.671569879794857
16026910,147.27496856434686
10746319,203.44087149228042
11871729,5.775565528111368
17072398,68.94337908700992
15591904,165.43177814208278
13080839,94.99343991108618
11970819,192.57179161003575
15032342,154.46117548608228
15540014,14.805362294202881
12529768,135.07583319429637
18649330,26.940531496286848
11374989,116.73194476034737
12130884,151.5729023974616
13474809,93.60150612620137
11000028,139.54160524591285
11400717,31.877404523894036
15577578,114.5028964530407
12091387,171.58776986007334
18335920,111.66799697614256
17022075,18.89006112202627
13403096,107.4897127724265
14262429,213.04894302149944
14319968,156.19629022312597
10018244,59.42201585319109
12781738,71.52768320915867
19809825,87.90788405378414
18368131,52.47527864884659
10028049,54.32547802585638
15927085,146.21197747099507
12994937,126.0573601708325
17702743,131.9547512188157
12144507,58.49475714767281
15192349,63.69325663181756
19708157,165.30393623043884
13191605,17.472275328883097
15031392,160.23241589392893
16756755,126.07187802367812
16037729,119.70138018786461
14534591,38.59431656518294
16636401,48.57191015656705
12891883,20.882375180699604
17347005,64.91415624864185
17034076,47.730091286838366
15707190,174.36794838797113
17302103,8.774149433553504
13076521,120.7572430642647
13614753,66.74667675992825
11917559,179.15204545477292
15643866,105.2454148880907
11562178,42.52639485266131
11106719,65.51079576297141
15909353,120.49932869771243
14866208,109.39981540520526
11597377,160.9319425783575
15274716,200.00407754645653
17326579,61.049514634996484
17552338,82.57426349103852
19181116,68.41887186643024
13041261,49.05463734653279
18669158,77.24611314041184
13690968,43.85005233295252
18864985,13.39128066683876
19916629,127.17190856879714
13494256,161.8515681622035
16401041,31.254729373392642
17338539,145.16298240982124
12976318,146.4728693715542
13862441,127.26793468646297
15744897,216.51942409153295
15502888,19.473855293413838
18764895,11.923258271383084
14575443,16.069968838634956
19521409,23.2667968186533
18734065,94.89294815351752
10580116,92.42268979416383
10741750,188.68986591417925
15425554,37.44428574689497
18288472,130.04823165347386
16111354,17.312061877089317
14488616,46.83130995426639
11785699,16.787880899735754
10837809,124.41720529387996
14536728,5.677493848093593
17625048,197.410363779963
19444111,20.68153391184849
19897784,109.18396715703766
13844905,211.11232013721818
14799807,13.153421688673841
11300933,96.44192916118595
17714542,154.7957537913071
17540371,57.641302464186765
11466227,124.79091370808078
19458350,188.62013481250278
10350524,142.2270330162341
11829660,85.27522996534567
17415559,185.9883898524944
18095209,190.56733847343895
18389662,37.288235285826325
18975061,66.61076090174122
19151004,54.885335241281936
16318598,91.21519207358253
14532664,64.84365542251031
19866745,181.61921600408795
13763873,182.44043424260582
17002036,99.7941452416493
10904484,20.214239700293547
18592462,47.56874051549233
15263095,107.50067268947785
16088961,54.736899247270294
18213523,181.09888387280003
12492789,22.12021984438402
18244985,195.4917424499558
18898139,40.385365082755634
10485469,196.0796057336798
19391669,3.5240098435998113
18885482,53.831164845033626
11617781,29.49724491921455
16091848,137.11246885194836
14906539,160.73918897950423
17167492,42.255502476796536
19314419,46.842887962238784
18108835,172.23803252343174
15026717,83.21426911417768
11672096,152.75446650770766
11198377,29.703909207249154
15157306,30.184243116875223
19332658,126.33436935470594
19818377,169.047757374177
11444699,55.68122137848855
17490627,33.938949360547944
14838024,173.38117023617653
19700305,27.8351946635017
12587971,204.052229027167
16754561,112.88675928750607
11644663,21.791057137034983
13725682,156.2165376544889
14338281,105.63822515882025
12936049,139.7102961666794
10137587,133.0882556541154
15623286,155.4881897705437
14250390,152.28337780531882
12659452,57.91840321993296
12851776,156.51466940754227
13016776,130.49466250453688
18513891,159.31488982858397
11673300,13.96210971920542
16888296,164.2165932530611
19820276,23.995284617343508
16630259,91.03624759157401
16228731,12.300234987371592
13975512,209.77958617215808
15201066,40.71976338001101
15506845,49.46519688186719
13215599,100.02399265875677
18047962,13.607612474581
16863302,43.912298768951096
17327058,105.86559085222468
19437988,94.71977662480069
12463073,62.28025747638025
16878529,96.69049591615561
10986664,176.71076535010351
12592190,20.684405236416428
13837465,40.64864144203098
17360894,204.96731303313356
12281497,119.7594652319771
15894547,105.14618666187206
17434461,249.60214240218045
12459186,134.65994275416108
19217037,158.4453746814761
18407550,181.0724801702054
18798142,17.167106221239315
17356135,122.60218091782887
11137896,54.35006407385076
14450070,2.080646950251922
19936740,23.85268419727706
15035775,22.279334557655112
11255341,176.98795763905784
16030587,27.819039319078776
18999907,20.127916897230946
10847453,166.2188945576173
14717693,22.966000139473437
14424004,102.63462747998771
11691529,222.8434502000132
13145104,227.54158060592903
17239311,109.27517211248461
18890342,97.00008055003602
15190273,157.34223937267475
13420481,151.66157370706694
18218453,91.1906208147757
10365097,20.738625627095217
10492516,47.32435953701244
11346670,17.027065242849964
11385369,20.955208699736055
10860261,11.033044272079133
13547603,15.409174818095492
13215072,16.436052912129842
14990535,170.80100585984604
19558300,49.350290231692426
13386883,12.846264524028138
11985458,169.39675127299782
14187841,75.07674179678013
14799183,52.02105676123167
11930345,171.7599278884913
12895547,140.67067129099476
11677554,148.55635180788357
11751495,67.43010260704621
18973839,65.53486849044764
12832561,9.771273094044082
17568795,186.83867840221095
16674329,146.11319385462826
12489895,111.46924119130193
10613630,32.309223691857
16075398,90.07678343219193
19083881,27.319619933454085
16909168,85.17682191537696
15924483,148.07473938459745
16028570,89.71169899060122
19489756,24.160248517598596
15870890,178.5367494881902
11758182,4.03120666046587
18559105,167.03243761736576
16581433,61.50864278438303
12156953,64.89761661322179
14824646,62.66840048034733
18339409,196.69975962097828
17051391,18.12691878308582
16571009,134.2649470939874
11153847,183.09249488592116
14311584,9.74185610379156
10072976,177.0414323219331
17341291,13.92731834467508
10309291,49.993615207438765
12596923,151.35343026946373
13224828,17.422856321936063
19397286,98.10051602770129
13881710,98.69636826155276
15760787,127.97840988455343
11473245,27.524107915791
16716551,116.14078198950045
14306958,34.72954292536044
16577673,111.99396344674336
16800770,14.506456246115993
11609353,118.07841850210379
16994274,9.79216545537131
13137999,4.07949827266996
16781885,139.67125235412124
18727348,155.09811390636688
19653903,180.24382328927567
14938136,75.711936431528
10964398,63.26332956242288
10512468,64.27674603927929
19170352,12.466082481005433
13228796,159.02698910589368
17841776,191.76699490474655
10923384,39.42949082624757
18966686,132.33291505706455
15521491,9.933756609523268
13345779,29.835559217355783
17201432,116.52578380192443
16952972,107.71451954820556
15412272,8.120922149685832
18545619,47.7416811883276
15532079,97.24222490399615
14194039,105.32645464376411
11778430,87.74468954016486
17496393,115.6583550153395
10570131,36.16232458779137
19965344,15.402699617432791
14477570,90.1573760813793
15386312,191.3234534290372
14830607,126.37241753084108
12591250,9.621836180639278
15599270,258.99813025896503
17990990,149.19705726753668
12339392,97.913490259574
16886392,265.5188349770149
18858634,55.66857365238301
10439964,170.82258202846774
14725194,41.78309919495481
18786778,136.51534722314557
19682415,107.58364308916339
17674330,26.860635544257747
11832495,98.44810267356175
10735054,2.849020561144871
15438943,12.340778758843788
15440405,195.15494225377319
15419356,239.0054181510442
11335374,28.900827358926893
11217409,96.15408602309549
13725013,68.3501068223748
14695026,140.08777054623914
14084118,14.38908606128172
16244343,111.07383468138106
18821785,91.52514048351821
14353562,68.16631688619309
10128705,114.53415495416432
15247102,227.6301331417352
10690925,30.759509788776757
10921011,17.592328543326257
10283089,66.49078128743568
19108474,52.15794434264147
10473042,104.79122552620174
12735435,204.72143172375803
12571479,108.51412056582537
19738383,2.8192210081260702
18573828,30.27359405726848
14026831,73.85551740671637
18616446,9.734739515595198
19971278,59.48653948941308
13799464,228.65186651741774
13834701,2.0163603350501575
11004182,59.46051769263492
14561375,42.12113719937599
15379395,148.47863184603057
18086810,198.0385811342869
10692785,59.60567771804381
13366422,86.24634480671219
15731797,156.84876048982125
18262263,76.60360644303059
13189650,126.84052662893419
15537466,154.8967889003517
17082791,144.15133532781658
12132331,24.60479281494109
15534077,116.62636350528275
12472308,32.31146264863144
10877907,76.45908470641176
16078624,48.648180095342475
10604757,206.40034705079475
14120233,222.809980203848
16006697,12.836355151855306
14604733,248.32170739380285
18721040,64.92795532122096
18282658,54.243450331593976
19954248,77.49638107302931
14641755,49.83786123738151
18728608,82.628926909723
13061066,16.531520547016438
10264634,47.982385655975776
18010312,28.974394563572297
10028780,76.60382853910461
19870086,35.65063138463403
10216564,22.173873901808445
10157076,33.56320710663408
19260136,168.0105741618362
16972419,14.438551867542852
15068217,41.185874816681974
18128873,46.20956924907504
18973201,164.85298118131678
17338250,5.902666530451826
19222811,135.9298194968663
10359693,112.24288649458389
12212390,87.55416172321438
17654143,82.30005793060124
17926715,172.0401484987621
18833152,21.926774615542026
12061497,44.49890918755046
18993256,61.363507894805664
15798343,44.04709297806348
13023498,112.49811160828254
16447284,31.396070181394368
13195956,108.55247950898662
11800713,2.733548942188023
11453596,45.09495993868953
18789452,37.186742641376966
10539993,35.71327335010832
10331021,23.385207484684223
13612977,50.84597124174358
14950017,158.35155492063691
15955077,198.30804757531928
19807300,86.57631816379121
15786512,18.48153901327351
19826586,172.2808011534588
12492198,32.389318894526795
15929303,51.239294413936044
19015743,81.26962872707136
19999647,153.44476325023732
17464299,49.51721123752367
19716102,100.8321148240113
15539064,119.72816569732409
13944797,199.50931646604644
13435615,133.68906172118926
15744627,168.6898234780774
12765990,40.01850583741497
13582178,194.05815395367028
17007545,104.60183547506921
10399838,57.87969647910001
15006457,125.74969966823183
10679568,88.59179692834266
15534088,104.3874774910965
12946627,73.73462406294225
13816658,113.67782306032193
10146798,48.865116423977874
19473874,156.86550952060358
18468491,5.553440153009877
14245374,136.29305489113182
19613531,217.80179059370693
18001704,84.43206605555449
16279613,138.61861244509345
16798190,48.401219761576634
10256991,31.363928527792016
18830467,46.429595542551425
12429676,99.96949763426561
10110611,16.453424217095048
14206207,136.44206125943458
13770697,46.23881525297178
17876281,81.232272556926
15662247,101.7817401163502
13514429,25.373216335311973
17175966,25.889663597312186
19508477,34.60605020950171
16393413,102.09360974459175
17757241,94.34383944446026
13226857,46.72506788843188
15380542,29.157769824014224
14143316,105.41676554633263
11772472,69.55698644188992
12165950,78.18467544263747
12418381,201.30802963795776
19212210,210.5536765028511
15278532,54.86894705393843
10614397,128.99255720538864
13019170,25.083521039087294
10838973,133.6535052394442
10798827,156.5451024327721
11467410,210.3920965865027
13209388,165.2713269396414
11152314,68.70311650353024
14282992,100.53670170329765
19851050,13.75365857382731
17380204,23.30203403305619
17004999,103.12145144797736
15051033,18.046678900180833
14135687,136.43824347365398
12598637,179.4551183604417
10320322,32.45272046390335
16044930,146.57104897915602
19441309,23.43833915584681
11992881,185.71018855171775
16545953,106.06324263137498
13611443,108.12178054409212
15190143,10.48579754805528
13823902,31.355290646600743
11051208,106.92353193577402
11449060,195.64755443517916
10430500,17.72547806204722
15327142,6.860558777753977
16797205,44.747343937102656
18580687,15.264744684420494
17654776,92.7767527239307
14265144,158.95269812415688
16685296,52.31313487418372
13177714,193.54838074386842
17081240,133.89088140152222
14425719,100.94397288336877
12829800,113.02378598616075
13517596,14.740624275074092
11527659,94.13496213862268
12918539,65.59573007659264
14361662,21.665257492869237
14865790,180.944444156657
11185950,237.86971710469246
11437286,168.1355156768645
15068840,108.27885094970927
19281514,114.43481401451047
18731446,95.25332132397924
16561650,148.76447446065595
15442775,21.99119630298994
19072275,172.17985131337466
15853624,92.5954398831673
13370901,40.63952188954993
13695578,77.46106247303501
18495187,77.79507741513332
10072811,7.285724011517078
13795687,147.45932514552067
16205668,49.38269890051761
18327253,48.13546196650328
17452289,11.665082331849572
12305352,195.29331467406985
17930828,22.23900855672463
10742434,12.782171210159529
13019750,105.38729255035885
17005346,21.91556897464761
14232180,89.57457819799035
10155474,179.64137566087902
14262321,119.34616468899125
18283695,153.61493121167896
15338507,14.118540721081734
19773706,53.30809798697298
15869354,67.01775316597515
19147723,61.24709388808996
17267779,203.55070264181958
17120460,137.12814398560207
11337442,134.11652335667625
13290021,138.51448411123752
18311837,43.869189831508166
11160152,149.98132878058078
14472159,82.43913039997571
16043164,11.813936225567268
14254415,182.11437211568798
19302532,102.3932738073862
16311850,28.477990299445853
19190374,27.394178328643207
13585639,24.62286401390201
10680542,202.83711088162548
17727250,35.328850850365605
10093132,93.9079157018447
19981385,72.78076293668383
16151290,52.33110544012509
14093741,69.84245009201784
14419247,69.41949110155744
10892729,76.24933941278107
13532628,11.124856844746807
14177765,115.0180669094149
11001220,12.978913986325033
17448185,16.315530275660624
13379110,84.81203667341664
16852339,178.14038781849007
16933823,109.41295071972777
18471125,48.994678493668246
16614077,184.15768538640936
18502026,215.2828439970439
11326028,64.34671493583913
13652855,23.104765695138635
17289141,102.06400594639082
10848574,44.95775250863969
18422455,26.569493416747516
17261510,9.821075347981258
14862392,165.25586058755795
15837100,97.0084179112329
15217189,29.088584541796727
15020614,189.76953320319055
14036783,150.79077499869658
19430994,83.74912789927035
13827208,66.52406438161132
18881969,30.0425839388932
15092128,158.7210435029129
19816151,8.486382363263163
19289749,84.00076906365356
14632707,130.4822427992184
13572891,20.600148104515934
14907931,14.961628142191406
18551283,171.11951321138494
12419219,13.148904828904948
16268386,6.802731978709239
12895751,166.73145866490228
14205582,85.62807895776872
19804174,69.02866869458133
15621084,32.35341721466222
14230580,52.90608328764244
16785355,223.43694983020023
18780935,69.22644742814522
16059383,140.05692065136802
10483224,178.19736738792545
14767857,52.41622175642042
14951216,80.67309037202128
14989845,56.13799382882208
19783354,171.0493769415566
18517438,79.48559448421399
16403093,152.09906753853318
18571705,22.008289086624917
17637168,20.40140337180953
11247583,7.343597840471103
15401439,146.20300209761734
12646743,26.37655993152715
13207490,190.44879548486722
14129099,172.02236509417222
12382002,242.39335561482935
15036615,115.91942390648865
13826942,5.875281540731869
17703398,88.85922883995629
12264117,162.6255810415989
11179649,120.73792093143177
17634084,170.79571001314036
18957677,62.34480974311182
19006714,29.85034190169889
18368929,52.88527335287554
18747415,21.97069678203217
13547937,139.85846244824674
11056688,25.38867825572969
13566849,139.354451279501
19374616,174.99757902339311
10495621,8.444009067102268
14242095,54.195012031454304
17107172,22.733054117737105
10582652,3.0880416394046537
12522065,40.94449212088002
13777657,165.53519899488248
12247180,131.49111017845183
14425494,8.852632797826251
11499025,206.15804751394512
14959313,5.798013177098906
17091027,198.675980693247
11134212,57.281016610662675
12788936,140.78349118105803
10059915,53.75778278011921
12130072,6.232639218055948
18229097,41.559655944579404
13408614,139.783029427321
16631219,96.53679702952952
14924017,35.22270057364492
15511677,15.646593045716278
12499028,68.47082643706436
11165210,102.61063759648772
11037174,16.50809296716718
13080362,189.22018780766487
14400570,157.24139155764493
15492973,208.9438072272828
16177154,24.871601761678292
15848696,168.6849569288813
19959990,91.70081699588819
14111027,104.27242646261413
14141100,56.02135644234026
19951807,111.24206717375651
18372001,14.911986653357257
17859254,169.77739450361494
13383665,156.62011915256488
18535673,98.20489208424135
10814160,156.59482153195344
13124716,25.982707324670724
10908938,162.65583317376928
15666388,68.71718805116976
18764570,20.03675681794825
12548450,13.562557806507327
10568406,67.2898455556994
15697554,32.38800997874983
17964265,37.85654417123672
13574880,34.14820309005922
16746512,104.77545844791385
14157184,35.48651635837605
13263146,0.9169585630312552
15701624,218.78431811952018
17238286,159.12784164692468
15801734,71.86796477523005
12054695,56.300814639479114
14023847,25.68499908051164
11585443,108.358517069361
11485875,31.300166789893773
12986502,137.40678812980113
11424977,140.2591985125268
19945874,137.51799915918002
19099859,203.4413227485597
19991959,129.30268647242792
17831754,120.84396430640015
12751168,102.40151977397963
17350386,69.81839541132571
13616455,188.58577392690268
17863290,3.9611905391303512
15798675,42.93622308074069
13885247,133.94261292358027
18972763,26.14803122444866
16156252,94.79578075388342
12201712,107.47684619271229
13822725,86.73116073047298
15673228,254.8649188661932
19774028,162.62861242117106
12951251,7.005243844625929
10752745,5.428817191186244
17298482,66.73179837737267
18046507,201.35128957352345
19789885,69.39336494327111
13000210,132.07036405148975
13839245,2.9147098000626186
13123907,20.890597251084493
12925470,35.47964333886965
16218520,110.8258757194195
16445981,54.191300875800174
13952760,184.5056859916681
13004804,69.26507048233452
11850270,62.872067121395766
19198527,19.909066521720092
13004444,167.35739197430263
11119002,104.33495823367969
13072974,125.809174794969
18446454,230.20967418773444
17409758,16.756950782821903
14107597,31.394110340340774
11715913,34.12728977586107
17867595,80.84403005989931
17929740,18.071406705471105
13794336,13.633576677468392
12591264,31.957683106234814
17018288,24.29943374533792
15941545,62.0029264895988
17542901,12.002504397687193
13345114,51.19487369522938
19047835,69.11147702475161
11132230,34.23393092232434
19854360,167.47004126126663
10012654,141.91127256900828
16568926,17.180346819015444
10903059,150.70599452357462
10261696,87.03249239280271
15152766,204.99975569099942
12738058,80.95159013748206
11700532,74.35182325509719
13484525,112.40348716639399
10235459,1.1062879984163243
16453316,25.766415587691657
13225298,6.0040208022305235
11593363,196.15943686650849
13902591,173.03164913980518
14406213,97.72110318849914
13940888,36.178059587407134
11251821,36.58111655606013
10413865,113.77141193323612
18765437,33.41035511338371
15842647,113.02443278064477
13578793,107.78166497177355
14381611,9.968580079579144
12961530,154.9784968837973
10251049,114.85025521797427
17051472,50.694413115945004
15699777,16.101815981538127
13927582,27.13232476100969
16380283,176.7639670776602
18287270,109.66782611725574
19399710,169.18889446938692
11890833,258.87360734476607
10655307,123.88190566800458
12531065,54.899211100374366
11867128,154.91339674987972
19836227,63.53167183637322
17005835,28.192143309066285
12401292,58.46354328764518
14856586,214.7144701898372
19822063,43.48338759133212
12527739,41.570260926675125
17847322,43.93880664301055
19269815,61.72988656313105
15981473,14.128659955401863
17815596,59.653877391718375
18431947,138.65460736210375
19491091,86.49285589127284
17571120,67.75383889557027
13959790,9.217115267842212
19230637,106.20644226508911
17088742,15.044383479362338
11137342,2.944815336325416
19206652,211.17295636254963
17182951,85.3181104973985
13224621,203.2770033446519
19905203,34.77253305344906
16608280,178.7776031430009
16700343,31.925000275967133
15505673,140.29058544153784
11182154,102.68800112985896
18716245,44.3436465447484
14061500,168.8875121319056
10512864,46.085867350674015
11527139,199.50865165580373
12283776,210.11540737549626
15688364,158.30756789545504
13460467,185.3092909205978
16204129,164.71785239703118
13681264,54.41992910583051
14337029,153.02558827798796
19077586,75.63019023520681
19932368,184.96462998026766
16433963,80.62188701078107
12486656,113.8424449707259
11054957,123.60890865570273
14291828,105.81073809172801
14103817,11.94069557694867
14681515,94.76664614984654
15416195,121.54098227438003
13556687,4.522781596711241
11583704,111.3672625518717
12603718,15.650483005500016
18357319,154.39868623565982
14350844,50.667187668844655
17316651,60.41473528050384
15172637,122.80820858931365
13837437,148.11841890638036
16997918,4.660712756709535
19637443,88.09725737902602
15702969,116.19729795126588
16394867,13.53258291233242
11031105,91.01252175516156
11459632,146.77255429373227
12971741,14.737303937284587
19899373,106.51856435147548
10515327,95.75770669031559
16550761,201.04452495104405
14135729,22.01985045713901
12201423,151.52408027280063
11589382,57.23011884979851
12672483,125.19528410247815
15876239,175.08734980274045
19484196,84.74602862371529
12379970,94.90251322785657
17908106,110.67175308104885
19576240,12.024568901020853
13485137,23.853185299821764
13006321,47.87014700693786
16435957,180.9392156319729
10454071,23.06984234162137
18498779,124.48174382480501
12071364,56.95058402764176
19370901,14.07893404875131
12702791,125.30151095748585
15103291,7.6949992302014305
10173035,159.31939498054882
10324929,164.28881305141329
15019770,59.08766133778084
11100068,172.8019944225777
19818659,164.94770359916689
12149605,34.31457251896368
13880166,212.02398992815623
14795009,6.71138488815178
14468018,137.17172405723727
19781282,185.74105708183222
16324636,53.57725289037513
11278005,119.97801791316154
19521579,20.116457332351246
18264642,214.25361273868668
